freq[Hz];db:Mem2[Trc1]_S21;db:Mem3[Trc1]_S21;db:Mem4[Trc1]_S21;db:Mem5[Trc1]_S21;db:Mem6[Trc1]_S21;db:Mem7[Trc1]_S21;db:Mem8[Trc1]_S21;db:Mem9[Trc1]_S21;db:Mem10[Trc1]_S21;db:Mem11[Trc1]_S21;db:Mem12[Trc1]_S21;db:Mem13[Trc1]_S21;db:Mem14[Trc1]_S21;db:Mem15[Trc1]_S21;db:Mem16[Trc1]_S21;db:Mem17[Trc1]_S21;db:Mem18[Trc1]_S21;db:Mem19[Trc1]_S21;db:Mem20[Trc1]_S21;db:Mem21[Trc1]_S21;db:Mem22[Trc1]_S21;db:Mem23[Trc1]_S21;db:Mem24[Trc1]_S21;db:Mem25[Trc1]_S21;db:Mem26[Trc1]_S21;db:Mem27[Trc1]_S21;db:Mem28[Trc1]_S21;db:Mem29[Trc1]_S21;db:Mem30[Trc1]_S21;db:Mem31[Trc1]_S21;db:Mem32[Trc1]_S21;db:Mem33[Trc1]_S21;db:Mem34[Trc1]_S21;db:Mem35[Trc1]_S21;db:Mem36[Trc1]_S21;db:Mem37[Trc1]_S21;max [dB]
20000000,0;-31,8043797665708;-30,53427546233329;-29,18041019854015;-27,9715401841613;-26,78415933657526;-25,75421221465847;-24,69488156985143;-23,85838014692847;-23,17832078250842;-22,72905494666403;-22,3682968805053;-22,34342422284123;-22,42196737767729;-22,73833660451076;-23,18692169289093;-23,85013338705794;-24,6558094359278;-25,62038786272394;-26,640011194275;-27,77590946514152;-29,14426626063077;-30,2805630551352;-32,93826805873769;-34,60796402788075;-35,58878992262971;-36,79943541048276;-37,79369080866093;-38,7536526246794;-40,3547823829514;-41,03341262067465;-42,1267687856995;-42,75905788439172;-43,7346978279663;-44,47603464475534;-44,79553855168214;-45,53460821519401;-22,34342422284123
21000000,0;-31,51704546165096;-30,26805893046113;-28,90343400777383;-27,53535665108152;-26,34307286451384;-25,30889942886168;-24,30186235151805;-23,45370632393443;-22,71999384222243;-22,31858644633783;-22,00908714083553;-21,94005098858254;-22,12105684625108;-22,43091474653786;-22,89373614654401;-23,70290038580929;-24,54204738154869;-25,49302785243506;-26,6888333754844;-27,81965810937319;-29,05698323630619;-30,35086418461166;-32,97280402570971;-34,49867501025936;-35,59513159123752;-37,08351498622073;-38,13733320020626;-38,97698581861916;-40,26644811255941;-40,95962540541075;-41,97856078121372;-41,87414050178521;-42,85629273602691;-42,16165374551791;-42,72548076255774;-43,09139181051155;-21,94005098858254
22000000,0;-31,38136710700972;-30,03308981214359;-28,63761695005941;-27,27096286369089;-26,11074869388157;-25,06117899976561;-23,99016906381897;-23,12473285466499;-22,46046803625294;-22,10538144556112;-21,80147724928715;-21,76025561122049;-21,97221119970155;-22,33454050648119;-22,84237457742194;-23,60911081168997;-24,45159912062394;-25,42093698594707;-26,67889110325017;-27,81960954968294;-29,02363116400912;-30,33262108393115;-32,95198797490081;-34,47184387523748;-35,39232654575886;-36,52701877348609;-37,73976325185141;-38,70597021086552;-39,24016575581645;-40,06135779366826;-40,74180255145231;-40,58770987271649;-41,67861754400515;-41,15869327612987;-41,3077861541239;-41,40875267918606;-21,76025561122049
23000000,0;-31,20992839474013;-29,95083393349912;-28,42350095987937;-27,18302087255316;-25,99409637519052;-24,83220184873971;-23,78881749606112;-23,02127463574998;-22,35091361879581;-21,90875865725208;-21,66064506035583;-21,65459478798809;-21,87570093640023;-22,17111483219027;-22,65063712771253;-23,43463666480023;-24,24184443509737;-25,23755891993169;-26,40631305213687;-27,64839834391568;-28,84505149460836;-30,06443678769786;-32,65641368563158;-33,84564123691359;-34,80906776787199;-35,48759310054734;-36,96844030499163;-37,6052354050144;-38,51822386477325;-38,69707430259269;-38,65205213133451;-38,91507973100708;-39,38427026769234;-39,39904425351275;-39,64704205399865;-39,76163358970189;-21,65459478798809
24000000,0;-31,30530932495154;-29,9793322375153;-28,4732987631629;-27,16880050866381;-25,96000023616546;-24,74636402168277;-23,72117249647599;-22,85791292946548;-22,22225434295412;-21,76088095792908;-21,43712804524885;-21,390686491781;-21,56236714109802;-21,91546519538726;-22,4269975816145;-23,14119902127123;-23,99862457961543;-24,95454384549167;-26,02477122880892;-27,2098914661387;-28,55419848602738;-29,67119016286097;-31,97513747936908;-32,80772010673008;-34,06449918747456;-34,62410140854677;-35,39052832472082;-36,08858616375581;-36,62806579986133;-36,58785796383221;-37,10540785723664;-37,24643736887299;-37,28133423769202;-37,6407509295862;-37,7261773068171;-37,69990180992671;-21,390686491781
25000000,0;-31,35351723497731;-29,96803927210702;-28,43938661395654;-27,06448212241434;-25,83920124807093;-24,62393010056913;-23,57035264602425;-22,68707627226745;-22,00773344456147;-21,51605014336474;-21,1885617623531;-21,11698270667825;-21,30886166262679;-21,62805265164208;-22,15500524199062;-22,7897490587192;-23,71507511088339;-24,57273230346201;-25,75938956610264;-26,82119270266517;-28,0134387495204;-29,19145134307816;-31,22539772552743;-31,99425480009101;-32,77663367036195;-33,44849309840165;-34,08089438603423;-34,6294991333159;-34,49766474565092;-34,81130441027992;-34,91432572813822;-34,9428399166803;-35,2318815340596;-35,35460969456039;-35,73348498975264;-35,78127491724327;-21,11698270667825
26000000,0;-30,86101532599083;-29,606454152597;-28,2505281919681;-26,94262192670787;-25,62411318900317;-24,44880534539756;-23,38567425725159;-22,46086446892126;-21,74587396683336;-21,27683362632224;-20,95342290173561;-20,89005903008412;-21,03085762466709;-21,43471129996227;-21,77290560757376;-22,49021522142381;-23,37045911484587;-24,38720738938134;-25,31660186935697;-26,37001645704954;-27,41861198877613;-28,45970590528193;-30,2804176026628;-31,05259040727044;-31,36224492137582;-31,95730160735099;-32,41566199264356;-32,79399744526274;-33,1066970268743;-33,23653731122009;-33,53462848314501;-33,46162139259857;-33,7406766775492;-33,90489047060312;-34,06576683524216;-34,12851562536339;-20,89005903008412
27000000,0;-30,63389741378713;-29,50048614038457;-27,95012716943895;-26,59566963516207;-25,3481089591709;-24,22264616248271;-23,15619603824024;-22,19708953204433;-21,49121105860168;-21,03600819629825;-20,70091898403335;-20,57621528734989;-20,74321444854429;-21,08548584612078;-21,53241710238919;-22,23478128376351;-23,04721564238073;-23,92120830659259;-24,91809795213488;-25,88731213999573;-26,81397286481872;-27,68064594982538;-29,28040178757372;-29,83083549680652;-30,28039456332127;-30,70842940558826;-31,13126487795543;-31,30155273892266;-31,55535320962483;-31,61254878977673;-31,81801962691333;-32,27173147109172;-32,08977526684018;-32,37456958346358;-32,62266858623189;-32,68248636002567;-20,57621528734989
28000000,0;-30,18460806137254;-29,01629452733707;-27,61567842274271;-26,30598588961778;-25,05855860218938;-23,91522940450913;-22,85945179516073;-21,9101844061417;-21,22083584758379;-20,70970662374261;-20,38212181072721;-20,29214069855055;-20,42192656916653;-20,77804536768166;-21,18828042013331;-21,92311193809125;-22,66730354373875;-23,45068138894374;-24,40464336572215;-25,15627329652734;-26,13471191001109;-26,90729703455441;-28,21526443286153;-28,85013084748746;-29,1178699797349;-29,29764484386855;-29,69517913731823;-30,05154692775355;-30,17301347109418;-30,27977054888343;-30,66391568407575;-30,54250810999364;-30,73959616670568;-30,93203925276439;-31,16226656458863;-31,26979591265938;-20,29214069855055
29000000,0;-29,80943163150478;-28,62491544920807;-27,28329820761421;-25,97472499700374;-24,73154651996817;-23,63627939713142;-22,60754175385482;-21,67085729545378;-20,9355728231448;-20,46082557038494;-20,09845264565396;-20,01416951060137;-20,18230903489405;-20,4739100059429;-20,81921135350672;-21,54174716475033;-22,19272640333683;-23,11268486498211;-23,86468226480895;-24,66956869140978;-25,50507824713378;-26,02288943359333;-27,03799562583964;-27,62022567952227;-27,78285559320597;-28,02589609913834;-28,16126427888907;-28,69418797882209;-28,58182650003508;-28,83357691381958;-29,23787703967989;-29,2478958595445;-29,40008749533798;-29,75343066760426;-29,76653775099359;-30,08770108057858;-20,01416951060137
30000000,0;-29,09700270414916;-28,08885061133901;-26,84702330519016;-25,64609992748736;-24,44387750932826;-23,31063771189995;-22,35371870080431;-21,42671150099314;-20,72518332886702;-20,25871287973098;-19,85961226039917;-19,78244666258039;-19,9174479165833;-20,17825958035991;-20,56544152484974;-21,18433734030664;-21,84935112683787;-22,54968631390886;-23,38040169423826;-23,94101808951055;-24,64546919273308;-25,15176800310601;-26,00598835366011;-26,49487383920188;-26,69656380548989;-26,84343425636381;-27,03370972752277;-27,29987000651051;-27,58845971234998;-27,71262745114888;-27,88957021296081;-28,01415692178402;-28,22081872453628;-28,39385229532441;-28,47687131942076;-28,82811979285488;-19,78244666258039
32000000,0;-27,9782642275973;-27,30516830821899;-26,03004133628904;-24,92256358976817;-23,96131187616487;-22,95547065152092;-21,99851525981143;-21,02112754385612;-20,39224365382815;-19,94358270474949;-19,63229204405426;-19,51263079756979;-19,57531496283817;-19,71139740944289;-20,12401036316592;-20,60142230597494;-21,14010722907853;-21,49965796114969;-22,25805110197076;-22,80120400718131;-23,27444448084477;-23,55886448440428;-24,41016809585083;-24,69178767055407;-24,88651277478453;-24,83991116200657;-25,18017676066175;-25,30048113883444;-25,8006577828294;-25,98448543171571;-25,90081633978964;-26,31256724253051;-26,25234062067049;-26,71529137901225;-26,34392180490305;-26,80532252395431;-19,51263079756979
34000000,0;-27,00347465587262;-26,28272327106125;-25,25583706345525;-24,27024243363659;-23,4578469229291;-22,54679205499761;-21,75434131416924;-20,90527479143247;-19,96128550968356;-19,67960105500772;-19,17888350962962;-19,11238377127888;-19,06612752105263;-19,25231644281028;-19,57378481733264;-19,86854610676129;-20,26650277771037;-20,6852346397446;-21,24061783513945;-21,51668266262138;-21,79443978537554;-22,0751524115276;-22,75849519944673;-23,14298074884711;-23,3253898253999;-23,45447016319597;-23,54783893790753;-23,70886173328046;-23,9704926540366;-24,08591692665329;-24,35799888432391;-24,55908791573935;-24,82522319487779;-25,070314440763;-25,2922278479404;-25,6024202235546;-19,06612752105263
36000000,0;-25,31595923885395;-24,57640707244349;-23,85406325334036;-23,20562426233353;-22,4194847308106;-21,60761034568782;-20,76276305582123;-20,01583430027721;-19,29481821282014;-19,01845266848289;-18,7304292471816;-18,43834873388023;-18,38681025168196;-18,70026752340382;-18,59260485606037;-19,09531434349884;-19,10398824039481;-19,60046071646613;-20,12478859647015;-20,29895883677524;-20,32981321654738;-20,6878985386081;-21,15217821073068;-21,6789686300933;-21,72485422804363;-21,76805512346369;-22,06175872921073;-22,3228642466557;-22,27031622817833;-22,72614865598241;-22,86930898099733;-23,63902809373177;-23,58942408344901;-23,60985220531588;-23,76059496730645;-24,37805882953856;-18,38681025168196
38000000,0;-23,88759531426077;-23,28532102454935;-22,6057952377725;-21,87058119715308;-21,24155011984289;-20,52613295348582;-19,99907949862197;-19,34284146466636;-18,8446741739482;-18,37975649056145;-17,97142270070105;-17,82673215583327;-17,85356083459282;-17,86422775467321;-17,93062799799509;-18,13791225852714;-18,39734387338409;-18,58812262965693;-18,86616846205796;-19,17055722869248;-19,51785005401896;-19,67956403395727;-19,96684045688014;-20,11714298724822;-20,42307494489965;-20,66246444498432;-20,80167263110998;-21,212348227508;-21,63737833976845;-21,557634169696;-21,85680082340625;-22,24032928207152;-22,36831934258209;-22,80773911417789;-23,06477549895384;-23,07374591436119;-17,82673215583327
40000000,0;-22,4367613736862;-21,92326510264931;-21,2340198458041;-20,70723134581164;-20,07807679573427;-19,54097579332878;-19,05477374772687;-18,46358063755688;-18,01893154240022;-17,54682185278494;-17,3887110638485;-17,26369405377409;-17,03937527844117;-17,1259293800596;-17,13531013401924;-17,27846411657751;-17,60445003562491;-17,79252006436622;-18,037714730593;-18,23778274678028;-18,43584008159265;-18,58204423973705;-19,05860922407978;-19,41944894371046;-19,37617289605794;-19,81710526293366;-20,23775909220327;-20,19414591123396;-20,46413081213147;-20,8514617566081;-21,11232795310286;-21,39395612716898;-21,62169021088665;-21,88862921297083;-22,21973092433122;-22,40022587009796;-17,03937527844117
42000000,0;-21,33152853186615;-20,72649220536604;-20,38045568933571;-19,70504201581803;-19,09363775011198;-18,59684166789376;-18,03837092542578;-17,75131617973226;-17,18658654182694;-16,97489845597534;-16,74613932923651;-16,64369904787306;-16,47550292710236;-16,46725655639226;-16,50626249488606;-16,66385515123708;-16,90517451617582;-17,11211755730461;-17,21903763222972;-17,50825541326696;-17,75073586260348;-17,88195758793894;-18,31150553079311;-18,50974211876646;-19,06884315768155;-19,14084054706922;-19,47758449398831;-19,78211284537948;-19,8929179039608;-20,04441295693915;-20,33826907761602;-20,97400129597354;-20,793041480052;-21,12656332096051;-21,76893223290845;-21,44233562015358;-16,46725655639226
44000000,0;-20,29787471903561;-19,82987547671123;-19,37969970673024;-18,75954388804323;-18,25261079726819;-17,79140920660902;-17,31154712443504;-16,91590095828465;-16,60322777880112;-16,33006155041328;-16,09046202708752;-15,90930435872298;-15,83273362646693;-15,7987293039703;-15,91099988616655;-16,08405473080342;-16,2522470544497;-16,38925251829876;-16,58006945782616;-16,79885728998517;-17,17912287407568;-17,30702118163008;-17,75400145042246;-18,02143194053878;-18,24789950906549;-18,5653317966763;-19,04972858515407;-19,21037408397703;-19,24609703918706;-19,84582579628194;-19,98530190282854;-20,35945921285541;-20,6357236905475;-20,78122807315349;-21,01757450160711;-21,27344380613487;-15,7987293039703
46000000,0;-19,90916450239834;-18,72335023171752;-18,44711970576828;-17,96693083549334;-17,89682804348295;-16,33251423395653;-17,26253157955603;-16,74114773696202;-15,8520647527907;-15,38720307039291;-14,9147434650712;-15,28468219253948;-15,55804151153481;-14,95239186042404;-15,30268420498546;-15,04141716799921;-15,89999765167919;-15,49767336963992;-16,04330349367892;-16,05476558681822;-16,73943647550552;-16,74341022378476;-17,06449844130383;-17,85000511889435;-17,95225067796551;-18,13129795732251;-18,40847872322734;-18,5792891953318;-19,15849568447477;-19,32537963126605;-19,46466975131603;-19,75359201948167;-20,15741006305374;-20,46612557297936;-20,56155108934928;-21,06387436888036;-14,9147434650712
48000000,0;-18,72208945236395;-18,20614508044163;-17,67338016863525;-17,21839007152809;-16,68658499562664;-16,29479805649918;-15,89837076437108;-15,55534401219548;-15,33657448462735;-15,03474000663091;-14,81776382205927;-14,75426033786058;-14,6976753447846;-14,72526410845663;-14,75223409823673;-14,93360558761918;-15,21373351685885;-15,33957155077818;-15,51984715842752;-15,8484371671428;-16,06564328399573;-16,33851465256938;-16,9090905867795;-17,20952280392127;-17,58355107839937;-17,88083721602285;-18,22411108544128;-18,45670766917325;-19,03107869582833;-19,16029873042559;-19,29389498575602;-19,70200887554614;-19,92111796550029;-20,21785695658031;-20,45769637797569;-20,66248075254658;-14,6976753447846
50000000,0;-17,86747651804924;-17,4715045655465;-16,99258945932703;-16,46157976980255;-16,04495119126145;-15,66483928428518;-15,29504360662151;-15,0322822270035;-14,80017053816241;-14,49078303073164;-14,47361746495054;-14,37942955292572;-14,38790824127807;-14,46101184521427;-14,51535586961198;-14,57272699528906;-14,80647462731896;-15,01499385557531;-15,22485022574613;-15,55387464516051;-15,80890908437259;-16,08784676258632;-16,71523020389154;-17,12251651077016;-17,42267745426442;-17,74610138490864;-18,15762250549917;-18,41076432432048;-18,70214939417908;-19,03664180477335;-19,38319009131058;-19,61895077862831;-19,863565679078;-20,3322088558564;-20,48561019615769;-20,68210995692119;-14,37942955292572
52000000,0;-17,14884374781014;-16,74430614297002;-16,28740076264474;-15,78225262482665;-15,49449878177396;-15,03131075287293;-14,69884048050166;-14,43167047188773;-14,28687248610652;-14,03926213748939;-13,96545216623224;-13,92302362607087;-13,9544327165577;-14,12645830162422;-14,2103465462954;-14,27121716436347;-14,47027734839159;-14,63683835872296;-14,9477190567982;-15,28041691304741;-15,54188013396092;-15,77687589529387;-16,52195013296854;-16,86613352681658;-17,18267504876525;-17,52934715261275;-17,96942980886188;-18,46728566776049;-18,73508402526349;-19,02652615668534;-19,16189721906539;-19,56336631443196;-20,06919927843738;-20,4321486799716;-20,66680374247852;-20,56303800253041;-13,92302362607087
54000000,0;-16,37059608989541;-15,94563440425376;-15,51384745512172;-15,06798773653255;-14,71202491808506;-14,3982365546279;-14,05991971917415;-13,86401517266832;-13,69813765155215;-13,50741303165867;-13,39637670787534;-13,41945399678087;-13,40713546902653;-13,49741619512503;-13,63742920171888;-13,82840688759078;-14,12060115012089;-14,34414273858191;-14,44755741619159;-14,98076667107767;-15,04868131495206;-15,55098413424409;-16,18476418937657;-16,43330952243671;-16,96118479120448;-17,42867253913395;-17,78710609742147;-17,94582663706177;-18,56006955212733;-18,758328691614;-19,18139395520892;-19,24359950942992;-19,91881052726739;-20,18430465819407;-20,81019282636967;-21,26825240900001;-13,39637670787534
56000000,0;-15,7409660661526;-15,23423992094782;-14,7846431252258;-14,36391269436246;-14,06964953441373;-13,67249411895578;-13,44789880706301;-13,27886960167122;-13,18537961510303;-13,05630970361656;-12,98622841874634;-13,03729789091489;-13,08347289414612;-13,17726255660367;-13,32722921043626;-13,54894457009778;-13,73247881104028;-14,00942870302647;-14,32047243846713;-14,66575787389878;-15,02871101974106;-15,30694645834882;-15,99756569135285;-16,40850774847139;-16,85178763600609;-17,2720658581188;-17,71416243353085;-17,90963620968906;-18,33776449121882;-18,75199225058185;-19,10265984110294;-19,56014100222305;-19,88371844908898;-20,2343850389118;-20,73096402092441;-20,84593458655483;-12,98622841874634
58000000,0;-15,05441494863063;-14,6430591154977;-14,26197865061527;-13,80900635737324;-13,58689286326418;-13,23296886211843;-13,04974232671235;-12,81591378669816;-12,7249018812466;-12,63190982506045;-12,61571911748722;-12,749042656046;-12,7956647503177;-12,95587007649223;-13,11674120380562;-13,33985853263504;-13,57275568273511;-13,80191550174332;-14,14311710456962;-14,60870078992189;-14,95590804083292;-15,2619877818151;-15,93079151198077;-16,30147347514743;-16,88874672654077;-17,27612544133133;-17,72894339411278;-18,04383610961324;-18,35400598159926;-18,79591662617941;-19,18244885631286;-19,59320005974479;-19,98000936726246;-20,27361870627622;-20,6647721935747;-20,9013292730349;-12,61571911748722
60000000,0;-14,40858457454637;-14,01081491984103;-13,58084848959766;-13,30944584318185;-13,0610584529744;-12,79565530118539;-12,64457846393736;-12,49334818936559;-12,4009879248972;-12,3777356134426;-12,34071862374406;-12,50926849951095;-12,57787053232023;-12,8273235121942;-12,95931879449464;-13,13171101701785;-13,45297588983058;-13,71162054329813;-13,94638181967282;-14,4538371122263;-14,91304790697681;-15,21928869685549;-16,02395886585683;-16,33580792808367;-16,97189191107392;-17,34618247921481;-17,92703156527292;-18,14577827729127;-18,68502531650137;-18,94316917362855;-19,3705194097309;-19,79529595237114;-20,23431135887466;-20,49524643359913;-21,0584257447141;-21,17473331226197;-12,34071862374406
62000000,0;-13,82133467237563;-13,50005758638908;-13,06727705770541;-12,81719023838954;-12,404918278009;-12,43455458651247;-12,27346499507313;-11,99030576439417;-11,95254900945627;-12,21316395551243;-12,01272672347145;-12,13265731598507;-12,34859913606364;-12,43806408302864;-12,84676679455012;-13,05778806304957;-13,09561828920146;-13,44932602738329;-13,83394846691445;-14,07854829799402;-14,69042426132077;-15,24734199218134;-16,0706828010835;-16,50810239661849;-17,17312691477053;-17,20463237135457;-18,09296332639452;-18,33941154172256;-18,7493340333471;-19,43440208111044;-19,7211620514196;-19,8773626290959;-20,53805973470769;-20,95517468352787;-21,33574774134767;-21,21672597590124;-11,95254900945627
64000000,0;-13,24454729853498;-12,81845560684148;-12,59724421939733;-12,22460783034306;-12,07628267924434;-11,888526284673;-11,75727814302077;-11,74659893720044;-11,67036020390706;-11,76354463097801;-11,84564362017542;-11,93166773706453;-12,0594806533715;-12,17371856489498;-12,67186242909061;-12,73046567480083;-13,23516964883413;-13,53596296636937;-13,7820684156107;-14,07778460065514;-14,66954788027965;-15,12917514567036;-15,8671945545198;-16,40141905080081;-17,10131982556478;-17,70707770862589;-17,84369113683014;-18,21152321497587;-18,66692324546282;-19,07001028530015;-19,96705276293332;-20,31741905105017;-20,02897975949561;-21,1169406274573;-21,14061870157137;-21,90396863448091;-11,67036020390706
66000000,0;-12,60794687910888;-12,25787675299611;-12,01102808243962;-11,7741571117825;-11,65864135899112;-11,44607600556879;-11,4380336146762;-11,32646992441972;-11,34578554510544;-11,43923785641546;-11,48335301729837;-11,70563944017061;-11,81949331527236;-12,03944950958969;-12,33762449817195;-12,5963459617497;-12,90204689925892;-13,28068880329417;-13,66351530567186;-14,01561421452134;-14,6263863034638;-15,01042169361557;-15,94346411629129;-16,41410114699171;-17,04004349313266;-17,66371043431135;-17,9795966494148;-18,2795837070512;-18,94173571800984;-19,37433176560494;-19,65160859510485;-20,12826793718766;-20,37254942833662;-20,82450987343145;-21,1119420210652;-21,1541435545539;-11,32646992441972
68000000,0;-12,06056968081539;-11,7640561846656;-11,54744367659219;-11,39721267551042;-11,19337104907578;-11,1455152875075;-11,06370147381742;-11,09691369813414;-11,10892209192699;-11,2304725426136;-11,39133882052813;-11,5580944884124;-11,70206084087547;-11,9095373458299;-12,21455660599584;-12,54066149582981;-12,8776574862098;-13,22647404919107;-13,53528543660828;-13,99292908160076;-14,68880240412116;-15,07820613575258;-16,16215739639622;-16,58398435321236;-17,22236475695598;-17,78765130272452;-18,13588992159641;-18,75447670750193;-19,12906409382304;-19,69456714142644;-19,92181873140263;-20,65503331891397;-20,515353978413;-21,12705343694577;-21,2951481321642;-22,22280021459014;-11,06370147381742
70000000,0;-11,28474259663502;-11,07776353663053;-10,90102073591299;-10,7614283239468;-10,6688647524823;-10,61224930483418;-10,58373787517021;-10,63394641504167;-10,62499626060813;-10,76934657141742;-11,03071793837712;-11,21342513466145;-11,4274696781289;-11,65386858691116;-11,98614049206515;-12,20926189816946;-12,67212707988902;-13,05976424013718;-13,28609471574268;-13,74357606306355;-14,64068331331291;-14,95502346292149;-15,7227300433242;-16,36501731718348;-17,34458456364728;-17,76934586051402;-17,86368322301132;-18,36026196204154;-19,11391717878374;-19,56117190172484;-19,33518554809286;-19,98267737716061;-20,54578941836902;-20,96198662711308;-20,63401908482095;-21,53239483637647;-10,58373787517021
72000000,0;-10,01190301687451;-10,55705299253708;-9,662528660272777;-9,524250170051685;-10,44116912232139;-9,62827633505087;-10,39517327019066;-9,386128082095862;-10,72696112636592;-10,93731031677787;-11,18330880139861;-11,21830297585028;-10,78579184892485;-10,33731508950424;-12,51707424084774;-12,84606756959703;-12,82152868938268;-13,89474601280337;-13,03533576199761;-12,23850428152458;-12,81953822371909;-16,4796767220236;-13,92118276079809;-17,93709843486946;-17,82463418139918;-18,82421413319054;-15,804700450072;-20,45157477742791;-16,78991352655;-20,79859676888884;-18,1350390456972;-19,58161988576824;-18,56022626768585;-20,54552167252315;-19,96228578551226;-21,63615180749301;-9,386128082095862
74000000,0;-9,344877657825876;-9,204772348947705;-9,276710550052377;-8,990547381805229;-9,302927499976093;-9,130866475988777;-9,03808159640677;-9,4242963418285;-9,264082199230026;-9,798451255669649;-9,840536797755933;-10,48165724733324;-10,05504181954044;-10,86199543009549;-11,34184645771995;-11,13326186402251;-11,31596012176084;-12,28718381219018;-12,93373509602388;-13,17584704819675;-13,85117791126035;-14,58898836829923;-15,70743976167837;-15,81713165528723;-16,54437256442557;-16,53451386947777;-17,51046179804986;-17,05710456498372;-17,90225657272637;-18,23943832890023;-19,04196275740333;-20,14521562338658;-20,08866571669621;-19,82525794363948;-19,32068551715127;-19,75324742917581;-8,990547381805229
76000000,0;-8,34136249024445;-8,361111291770388;-8,238774373221595;-8,342265373893317;-8,326079047661414;-8,59299779520559;-8,667129064961584;-8,767072089505778;-8,971558086573515;-9,05221743260957;-9,353738083229151;-9,576066928986917;-9,939194535120125;-10,1799500236174;-10,51969561938815;-10,77585510694009;-11,14579452985109;-11,65723782891766;-12,01637170840082;-12,21191384143086;-13,20417118115768;-13,70660846072483;-14,69136442591424;-15,12841218804001;-15,3859608711249;-16,23608539936986;-16,12210133873478;-17,05630669400567;-17,42775981811466;-17,61898490838969;-17,86528197280692;-18,40704481871092;-18,61273036889125;-18,92677787523242;-18,99764857920729;-19,44852175146729;-8,238774373221595
78000000,0;-7,116665355730204;-6,935395056460089;-7,045237785518107;-7,479986724086457;-7,765429128014319;-7,454471373293556;-7,648757574287714;-8,19822491403877;-8,557284370143172;-8,268778203617659;-8,097123050768973;-9,088789284631684;-9,048170551967614;-9,254344652937224;-9,805349354547738;-9,776352820795301;-10,16890499341136;-10,58409082883352;-11,29996648519298;-11,34233263632465;-12,3385559256856;-12,65284396864547;-13,72672387020562;-14,88459191739936;-14,49726635082248;-14,95569870070185;-15,25224888765217;-15,8559676643544;-16,33485047821346;-16,78860066960396;-16,96257737935798;-17,50417730832458;-17,26224699825952;-17,72231952172084;-17,86544570815203;-18,40912997445243;-6,935395056460089
80000000,0;-6,068138606463926;-6,124798076509592;-6,209222405158078;-6,33407476390794;-6,484242459743472;-6,778237711968219;-6,872457520783682;-7,063800977879175;-7,3215317279018;-7,473797120073892;-7,714266766263147;-7,959480038113709;-8,30357544512767;-8,571235486888556;-8,806348010465832;-9,04973986498733;-9,425253127352596;-9,968725841958515;-10,44348652790968;-10,70027748238475;-11,54159038179826;-11,87890054993141;-12,76534896532164;-13,44362896190273;-13,16408179646388;-13,76577805555269;-13,99267828273535;-14,48031028220799;-14,67143066532737;-15,00179650788321;-15,18316114197271;-15,65151763510957;-15,59490587259697;-15,96515125864599;-16,12816942604414;-16,68676008270355;-6,068138606463926
82000000,0;-4,953685738085665;-5,057459112962488;-5,144807031196006;-5,31920179540397;-5,520927327825046;-5,798262250647982;-5,916339987177615;-6,154967128257125;-6,452721584885478;-6,526203222564337;-6,727649338211124;-6,876862122761126;-7,220786981226412;-7,53160613183407;-7,747816353566057;-7,962224575156704;-8,323189943319322;-8,915804524485711;-9,44265904747174;-9,771690530267467;-10,41271705047797;-10,71702498701988;-11,57400397317156;-12,08267746218578;-11,73917092665108;-12,18821882168782;-12,33633161033073;-12,74641681653583;-12,83799980247485;-13,14182612314051;-13,2205689058022;-13,49203669005678;-13,5855274007419;-13,91634633599363;-14,06161255242569;-14,48864471981659;-4,953685738085665
84000000,0;-3,799412479914431;-3,86141413658324;-4,053618050422527;-4,181699548772418;-4,409533576948947;-4,674593678553226;-4,793365703987026;-4,981057839144806;-5,290839977620828;-5,319084543220107;-5,475144902398174;-5,57136936451564;-5,861530165112093;-6,206885407975326;-6,431514173070179;-6,662842454960279;-7,010632250645566;-7,61347664067479;-8,15633814784154;-8,578989446273624;-9,006464631400773;-9,326574310938074;-10,03344950802649;-10,45360268991099;-9,99728225707905;-10,41111761768945;-10,54953492858604;-10,84699188555238;-10,7748644715814;-11,12745208426271;-11,28840635131841;-11,52139649163474;-11,77720946574774;-11,92802313281736;-12,27736684971476;-12,69271508092076;-3,799412479914431
86000000,0;-2,622503886964296;-2,684875049877267;-2,937669970175649;-3,022335974275722;-3,270053243268152;-3,414609052161706;-3,53133544327078;-3,701691012740617;-3,97896576891466;-3,910159440210702;-3,983021084739928;-4,153410691015451;-4,34300714359274;-4,679131209983437;-4,867860090260272;-5,168348958437869;-5,604904654457287;-6,158021200907004;-6,663108379995494;-7,195499222180446;-7,353060242576141;-7,616102662444183;-8,178151900101847;-8,529816074951423;-8,111558297679021;-8,325471094780918;-8,404169078395652;-8,637810245306056;-8,725292160614938;-8,9143639038169;-9,102191905698756;-9,353502550723093;-9,586061620949605;-9,951172028140695;-10,35218754066335;-10,67647664703617;-2,622503886964296
88000000,0;-1,640514822397174;-1,723246610302122;-1,993131626142167;-2,058498898846267;-2,304890079422958;-2,314718566094051;-2,410193222416334;-2,547186571024808;-2,711410317744052;-2,624997357856005;-2,667965511826335;-2,879152722052341;-2,949472946772056;-3,491508239602992;-3,609200294530137;-4,046447433102584;-4,468840431917774;-4,971593001743862;-5,451100052387964;-5,992708564036146;-6,003369477427595;-6,175171880085654;-6,525741080430167;-6,736641252801546;-6,327843114997708;-6,381402034854842;-6,553241402328991;-6,830904182083238;-6,824064611497953;-7,058548665703316;-7,339833834887921;-7,667217968916946;-7,998914305858121;-8,29207059593999;-8,787346498124279;-9,087265094072695;-1,640514822397174
90000000,0;-0,7727951560328511;-0,8073089102476636;-1,074391616265118;-1,086904838078821;-1,280527544725072;-1,208114617991416;-1,283475837699719;-1,313225412690285;-1,355260892563052;-1,272221381468287;-1,285084919766231;-1,605799927903317;-1,597190440255795;-2,071143276492716;-2,361383752463721;-2,789862327021155;-3,237559158331032;-3,65237493786636;-4,078304911941524;-4,595036438177572;-4,367099953330887;-4,419740418230894;-4,672626605380406;-4,829893011307357;-4,409523571610443;-4,476300182797145;-4,623852368842966;-4,826486764104089;-4,99487027264957;-5,292113115540094;-5,626280156572784;-5,959388445330243;-6,475323157080425;-6,698574462096909;-7,28355646191506;-7,543119701277185;-0,7727951560328511
92000000,0;0,3444661983843666;-0,0690958109726108;-0,0685736530325509;0,086925991806062;-0,3993025406569816;-0,5822996235629208;-0,5532956704079178;-0,3473171228733254;0,3965556185215749;-0,1037049640383646;0,1329030801752817;-0,5601054961941561;-1,161767969398228;-1,064710045494853;-1,879682951073611;-1,818288440367802;-1,719348361373573;-3,267759439722513;-3,57703181529544;-2,706020708801691;-3,36317860047544;-3,504711224719314;-3,439889870085748;-2,10661543192097;-1,740070918526571;-2,023268456679272;-3,462352087183281;-2,150845648736169;-2,655321573672904;-2,899299383777932;-4,725838195794235;-5,399021729128163;-5,980521236765439;-4,385678518665733;-5,47187590440349;-6,070877348220696;0,3965556185215749
94000000,0;0,4245377340693046;0,374442802607711;0,2012624918654404;0,2246095946890748;0,1766970967031189;0,3964778912183933;0,3347436366226766;0,4453232140768956;0,5328381690087911;0,4376695249791208;0,312415059079807;-0,08325849053317942;-0,1715096648917262;-0,6691960467096196;-0,9243398788776906;-1,351593820667329;-1,687965314618536;-1,838380060559875;-2,015068677048263;-2,45978254311237;-1,734282108807936;-1,608310170922721;-1,608604568252675;-1,716603824693119;-1,491403460983203;-1,547719830597194;-1,950132205036575;-2,18943635964256;-2,53670875124627;-2,870325550735275;-3,418136079247279;-3,662164388810416;-3,994449873341546;-4,240411717538606;-4,493208536201904;-4,598372655694382;0,5328381690087911
96000000,0;0,6693864085593786;0,6532929079576889;0,5181945004780109;0,563200399189867;0,5479687188085074;0,8072254849294189;0,7190507162710145;0,8004812966688913;0,8353301230228178;0,6589534430754238;0,4355323630551637;0,00392144454392276;-0,1019508387498252;-0,4857493525960505;-0,6958597567208418;-1,034436172244613;-1,228327516777025;-1,252233599541091;-1,32985669657143;-1,616480756867686;-0,7735082997342702;-0,6041184245214083;-0,5765458824350075;-0,6604705147557576;-0,6776256153645227;-0,7722294773968761;-1,387924376249166;-1,664160960973718;-2,108919867113133;-2,473707732944125;-3,019609987008018;-3,229845491428288;-3,522313432157741;-3,622975810383951;-3,859045337830178;-3,864486695328018;0,8353301230228178
98000000,0;0,9104668192931143;0,8681229138325508;0,8207516321267178;0,7529401582214554;0,8035494020682677;0,9090507684171472;0,7904537509606215;0,8265800720672576;0,779184477567531;0,4852404986131441;0,2039542690624472;-0,2221816591245035;-0,3304964295876231;-0,4992951160653982;-0,677776833959918;-0,8815432108659143;-0,9706483883044845;-0,8351434097635007;-0,789268103397553;-1,047150287444368;-0,07994784295429781;0,09245693662712647;0,01903363121354354;-0,1070631220937671;-0,2410386827042435;-0,4187808077657308;-1,016759815696486;-1,301631504750949;-1,778979867090102;-2,072187493217168;-2,510180420053282;-2,638885497061564;-2,953189665678448;-2,981333278716674;-3,208206065167915;-3,158073838140957;0,9104668192931143
100000000,0;0,964584848247355;0,9411856208412341;0,8760910985411103;0,7811436411154884;0,8189093901899553;0,7845713974368751;0,6338656249550136;0,5726117679274739;0,4835713630843802;0,07162078442383425;-0,1694863606364503;-0,4471235913808083;-0,5185148452067813;-0,5531291026890396;-0,62289907366055;-0,7442028806031449;-0,7228123514704117;-0,4808563750190502;-0,3540422028346041;-0,5742929915181646;0,3561461321179886;0,5231614162987;0,2972270377207302;0,1424209797583087;-0,1466771721434837;-0,3634998071278471;-0,9394770302310153;-1,222528075158966;-1,674672582581589;-1,845453057389984;-2,179678716288981;-2,281683958343204;-2,548180518025612;-2,455446736836682;-2,731296694275536;-2,722990422879417;0,964584848247355
102000000,0;0,8690000520729373;0,8163276585627833;0,7842277021524988;0,6314461842139387;0,6247374595702592;0,4978467225666532;0,2596346091343371;0,1342075328802659;-0,05367942812583951;-0,4966381439558063;-0,7152033792022738;-0,8423989045050098;-0,7638889112263212;-0,7579369249444333;-0,7011695492092251;-0,7064802716429814;-0,588283946158395;-0,3226427036010383;-0,1429013359079904;-0,3596959145370185;0,5611638347966416;0,6471251415891079;0,2623596030082657;0,04599417294672202;-0,3233346459787833;-0,5273252439357158;-1,105271807627724;-1,332559600792378;-1,704620190519043;-1,858063140944143;-2,092090419290147;-2,195579978961776;-2,415618972467376;-2,429950502845174;-2,646337203969614;-2,703644575735254;0,8690000520729373
104000000,0;0,722789722104278;0,6244220584831655;0,6026328659356751;0,3622530364359706;0,3302494129943159;0,04273334638756441;-0,2428358426585447;-0,4650836265465727;-0,6898842440569259;-1,123832428040427;-1,245985477843105;-1,195145793934157;-1,13348804234391;-0,9107930582600643;-0,8174437466864414;-0,7331098936135766;-0,5579674560182228;-0,283452438931016;-0,0544197567727351;-0,229642959496615;0,6228445208806942;0,5745823295102891;0,1152679584811134;-0,1325551803787845;-0,5498338296978675;-0,7390266687798929;-1,295702536722701;-1,483501849272632;-1,857432723310838;-1,977608450358485;-2,186609777865281;-2,221399849571796;-2,519093460973603;-2,538441534754648;-2,891320967844687;-2,977652676379092;0,722789722104278
106000000,0;0,5901639224128529;0,1541366505978816;0,5224017469878429;0,1232913724336212;0,1545065070862348;-0,8357160912836727;-0,5838446927485766;-0,8736909724659871;-1,776296542949153;-1,368349506810773;-1,48014953998791;-1,083307902552827;-1,553192416403825;-0,9322037856576464;-0,6820323867449607;-0,8659330321849275;-0,3842492769023149;-0,3824850758445411;-0,05549325255805922;-0,264690090657089;0,41318428764875;0,4259412668793217;-0,2121377493146131;-0,5301838084964822;-1,240830952012026;-1,046590763146549;-1,60476836123941;-1,954816780408086;-2,232049750345542;-2,304542927448301;-2,577612071539685;-2,530605009938877;-2,881169370324889;-2,945415099734871;-3,285005232164238;-3,374847816697878;0,5901639224128529
108000000,0;0,2939437840762516;0,1427317540354365;0,06473718090838979;-0,32302864810507;-0,4048967323959865;-0,9721310665718232;-1,354127916289552;-1,753256445120808;-1,884018440676712;-2,109632530354789;-1,938907467478483;-1,524966297825361;-1,392202832125816;-1,055780326953535;-0,8645045007436604;-0,6407816368794784;-0,3956074185292557;-0,168187310899415;0,08146363794477723;-0,03772901662315398;0,437609089408653;0,1974549646894099;-0,4669392301268172;-0,7050472577205623;-1,074444780107703;-1,217192010386006;-1,669327926572124;-1,838434149208021;-2,13866058304735;-2,227805802600047;-2,516067449405076;-2,611383656651407;-2,963121858715396;-3,188586024129125;-3,639003287887768;-3,815975640934378;0,437609089408653
110000000,0;0,003673314963741327;-0,2026817304467089;-0,3227869163464259;-0,8120866107961731;-0,9777894761328842;-1,682379913369572;-2,152396294212178;-2,524395791268795;-2,596892150798338;-2,566298319171215;-2,276808391911784;-1,753939003451651;-1,647511842205019;-1,244052524143794;-1,017895038389499;-0,7022450912271796;-0,4551244202812793;-0,2957893096645626;-0,04393723190098658;-0,1010873107317996;0,2211464323255577;-0,11105046777379;-0,7783966767998032;-0,9495144258788762;-1,247810546668309;-1,33917214449681;-1,764950386896647;-1,878607819940234;-2,182954879428092;-2,301668133595252;-2,571727782261224;-2,781326322359525;-3,20284680492462;-3,494871345100263;-3,999665391046348;-4,217466377645881;0,2211464323255577
112000000,0;-0,3586332675942436;-0,6102785328033029;-0,7830725954091153;-1,308410471235205;-1,568798071202919;-2,381121448845887;-2,804256750828837;-3,055824278552587;-3,01633318398871;-2,725848025150818;-2,346867448091006;-1,813336331000155;-1,655018315239557;-1,261991971117884;-1,030642123903498;-0,6644996245660104;-0,4223539653647809;-0,2896009406232132;-0,1177005792034735;-0,1379067032096261;-0,1060212985769588;-0,5217856431241115;-1,236717420379201;-1,371739635814179;-1,648212936876073;-1,700437639072875;-2,145438297562919;-2,210549867550183;-2,593126106843686;-2,718970849212697;-3,099751098965204;-3,303254633902787;-3,796745174938563;-4,024449967214857;-4,550685210694649;-4,73641472541548;-0,1060212985769588
114000000,0;-0,7805766528259506;-1,048180845778484;-1,305979543722373;-1,875276702141748;-2,220582663647552;-3,140484149436476;-3,485869295858665;-3,614790993866746;-3,445460520171605;-2,977585293628553;-2,502816087494322;-1,89539328985328;-1,677529323715686;-1,383322425451616;-1,097148702096706;-0,6981794509197016;-0,4434591566899705;-0,3780892963402252;-0,2514250355654393;-0,2151093573636416;-0,477340165709865;-0,883108369077642;-1,590747890466556;-1,642552358175074;-1,887018195222319;-1,976036882921879;-2,353212747508138;-2,458304850374502;-2,890800672419542;-3,04326152758297;-3,448164381623026;-3,749248527151734;-4,221524825502913;-4,579428307638956;-5,072039094704907;-5,301870933500155;-0,2151093573636416
116000000,0;-1,355248622475033;-1,609793611191035;-1,989434297584295;-2,476140271207761;-2,922430799645541;-3,906859924493873;-4,033671847132154;-3,916524897895998;-3,541949722335;-2,878212598643052;-2,353705705171067;-1,944439811880879;-1,57463558992744;-1,405223182878144;-1,080646446737038;-0,6359502401203527;-0,4759489711432202;-0,3935922065690701;-0,4056977743033186;-0,303131544934222;-0,9163469485309406;-1,377569322150109;-2,078538844847988;-1,982445549261047;-2,30710977488341;-2,385828343251549;-2,634868269747898;-2,803101193709149;-3,180804155136179;-3,648367883966962;-3,940066068628592;-4,313623480889952;-4,756392446437756;-5,100379794138805;-5,492612165407352;-5,444643845261757;-0,303131544934222
118000000,0;-1,825748010141514;-2,172431527355063;-2,409121591766463;-3,04972141067591;-3,614588114538133;-4,216526217485338;-4,213849674253699;-4,066959913940325;-3,618193905447791;-2,819512987218005;-2,201325837642471;-1,793889376429799;-1,53249862587383;-1,25365032206079;-0,9022448888870627;-0,6386567689895248;-0,4001502831284485;-0,2525381481458558;-0,290449598748514;-0,4940662563100101;-0,986893383344336;-1,764722760898165;-2,044546900422142;-2,162902874748481;-2,282050896634152;-2,766993905770009;-2,771599182542461;-3,313560902782469;-3,960204892847252;-3,744750718249774;-4,560910558434872;-4,892212882286554;-4,977869702377603;-5,889171357491607;-5,598927751580516;-6,277708382764403;-0,2525381481458558
120000000,0;-2,397758994168578;-2,696952305652704;-3,160504569294956;-3,633983740645089;-4,227584296755734;-4,688187737908283;-4,498508108120015;-4,03250982648222;-3,662926976234675;-2,843552617898808;-2,308176147917711;-1,857305530551096;-1,502243199683534;-1,26554980556756;-0,8977165766907118;-0,4969002110183771;-0,2608775711924812;-0,3444116923488261;-0,4052522799030812;-0,4082670032926906;-1,425980614716811;-1,870608972713011;-2,4615877917709;-2,59503688244591;-2,606256427632822;-2,82477864157901;-3,149753261251301;-3,47926715183754;-3,944037725539447;-4,270204733036119;-4,632846150682839;-5,088977184365618;-5,465842057434029;-5,692553350394515;-5,998919468118114;-6,165711892381633;-0,2608775711924812
122000000,0;-3,028760853956292;-3,269119534512021;-3,72517979843988;-4,103794443917176;-4,728860137051379;-4,873926181727988;-4,566407145857192;-4,064296404208789;-3,605155446734036;-2,829876073097395;-2,292560595322207;-1,931541271393741;-1,514396353235572;-1,217263739241657;-0,804721519693759;-0,4455357113578393;-0,2382633488968758;-0,384176492137015;-0,5496865781775496;-0,587905016327013;-1,876285996431365;-2,309271844536593;-2,901583254943934;-3,119334099856844;-3,03231315051447;-3,312540110435089;-3,587990697368592;-3,950550798204764;-4,275530245784825;-4,604031621578202;-4,987459076396835;-5,341253294374226;-5,591650331268658;-5,940192076232123;-6,261014034036393;-6,378307163012255;-0,2382633488968758
124000000,0;-3,600289301400277;-3,707519968916273;-4,127178565620621;-4,431847945500746;-5,030202967387093;-4,989986520990087;-4,698203888704022;-4,139344673644036;-3,699077570391473;-2,997980682432354;-2,459475883711989;-2,113960440355566;-1,621241848074148;-1,386803677895547;-0,9545563198738872;-0,577574491690838;-0,4973767207383988;-0,8251097137790282;-1,140843986759341;-1,153526673411559;-2,672785320385129;-3,075775176550531;-3,665885957729598;-3,938037961021299;-3,860411938754166;-4,0514917007448;-4,443496934362588;-4,815220415291137;-5,081671130439769;-5,453610519147158;-5,823359566950947;-6,138806508496644;-6,352742638689733;-6,657860186429586;-6,939091126988425;-7,076805243545461;-0,4973767207383988
126000000,0;-3,874376304745564;-3,960193289123903;-4,518401581756449;-4,854828635924521;-5,634963832387757;-5,438611200646696;-5,132825442448868;-4,566122563804004;-4,063000053313457;-3,320162677404998;-2,813721065288476;-2,467890039960097;-1,888756643154948;-1,715223078768136;-1,307538364856501;-1,050928786468997;-1,109380100292046;-1,538585419069906;-1,949971632207913;-2,013190276566666;-3,549736787525353;-3,908282585812702;-4,467707092286538;-4,765637805601425;-4,673925561181292;-4,867133830469599;-5,328133426643537;-5,647297161297457;-6,087455931360209;-6,429583274203729;-6,795304472456317;-7,089908092304652;-7,271783634615394;-7,528276556271266;-7,671856922167571;-7,8233653144892;-1,050928786468997
128000000,0;-4,328412443223132;-4,443295059450529;-5,269721131720089;-5,639192235472922;-6,406345741250781;-5,861494941221682;-5,434480381496903;-4,840644619503929;-4,203710936312726;-3,521495876083276;-2,966093303979833;-2,634800534537644;-1,950988974593848;-1,828307943692921;-1,497640685791773;-1,385851010959707;-1,555070055747348;-1,938135706819741;-2,418482165385162;-2,591547559287353;-4,254004446329466;-4,536316016337222;-5,091935471117864;-5,424702098635344;-5,513500288852975;-5,612325818955338;-6,142256416515657;-6,558366533106512;-6,936408471069422;-7,358555123475838;-7,730515444786883;-7,978666009492193;-8,093751127825895;-8,26041651484832;-8,359586658778424;-8,577272317898627;-1,385851010959707
130000000,0;-4,80588581798142;-4,968493636929668;-5,935749603740562;-6,286540514061087;-6,90861519709718;-6,110595359901123;-5,675567648620349;-4,960826846818722;-4,224133769013275;-3,635996416797671;-3,060535953220401;-2,76530775097054;-2,026134337810603;-1,895924750702959;-1,609252701486993;-1,691012011462764;-1,951893744697748;-2,265020233258224;-2,774239732480082;-3,038820976856937;-4,70927803672684;-4,934840814946431;-5,581369931511231;-5,979757043591815;-6,097522878170593;-6,334666993646692;-6,994645051080123;-7,361594814318146;-8,05862212943561;-8,363638374824273;-8,747072300341506;-9,053119280003566;-9,099949602853176;-9,229034176561127;-9,318707722717756;-9,45949020489072;-1,609252701486993
132000000,0;-5,405424005872403;-5,702490352124188;-6,755802023961283;-7,199942116493911;-7,59958220945231;-6,67295820388865;-6,175895457889911;-5,369929452238685;-4,582999214171429;-3,990275419644318;-3,401898380017046;-3,00599664505989;-2,357913545516664;-2,214136108993987;-2,041109896861819;-2,271584420138814;-2,642217081356146;-2,904001332420661;-3,437850852617026;-3,821736967998083;-5,339662658495462;-5,574545087361919;-6,204712166706448;-6,699486673924842;-6,724449867708207;-7,082779246872679;-7,615326690064453;-8,162027378143003;-8,65460928031481;-9,051576360187168;-9,362962562274548;-9,77633437623205;-9,776512680286155;-10,07913243508789;-10,30774659763454;-10,52105793456837;-2,041109896861819
134000000,0;-6,012907556225234;-6,42937249497738;-7,574415552003276;-8,093575134850116;-8,078376325340589;-7,157682282067533;-6,539201289986972;-5,665235026322692;-4,829110889225635;-4,285582220044447;-3,668332125684757;-3,194864748538855;-2,664758258074249;-2,561077248878987;-2,539805627293197;-2,915035886034596;-3,386979319126597;-3,633321390777651;-4,177953821615722;-4,597253024828528;-6,094652829346349;-6,154396079636247;-6,925451613640683;-7,448844707961506;-7,50624901113078;-7,97576362832535;-8,465892117147076;-8,975103138470683;-9,463577723123889;-9,869021182436747;-10,10957741432058;-10,42589559766181;-10,66933515391341;-10,93313924322108;-11,19537643259184;-11,52978639938321;-2,539805627293197
136000000,0;-6,582978198580813;-7,172419303879312;-8,233150684220362;-8,783615545504496;-8,426274141980262;-7,578739697554829;-6,765511493128132;-5,810846805039135;-4,970294553434212;-4,463796580918691;-3,820880993298677;-3,377469454579536;-2,878782042141473;-2,822564159054105;-2,970720101668274;-3,473117322827241;-3,985177624344167;-4,247448962951196;-4,777701508705018;-5,29692450256044;-6,55082837796737;-6,704427438324426;-7,484778292401514;-8,090300262935358;-8,362976943523897;-8,89058166899871;-9,418303262480284;-9,973053970453217;-10,27093837422499;-10,86573659442261;-11,11106019814279;-11,3363493097542;-11,54627661426818;-11,93070447025251;-12,18297449019195;-12,59023227203285;-2,822564159054105
138000000,0;-7,362328832946875;-8,158286999509599;-9,12857560415002;-9,651198829151346;-8,887030474597127;-8,118275426509511;-7,162466963517131;-6,152363839397237;-5,24873698491192;-4,750334546441079;-4,137191175122604;-3,623915190461134;-3,405606865462557;-3,35913861020664;-3,657013587193265;-4,221668787410077;-4,779047805229908;-5,069763038411795;-5,643865223256348;-6,034822917676895;-7,22787743121533;-7,40940660995241;-8,248729710427599;-8,90828904298566;-9,368855525428389;-9,744518234132851;-10,35882212021582;-10,89084697314276;-11,06443753204016;-11,52652016493543;-11,63086983941095;-11,99102389095214;-12,27953788821636;-12,75255923560316;-13,17059921680553;-13,54432658293548;-3,35913861020664
140000000,0;-8,154386473900137;-9,06957556672934;-9,773387729604309;-10,22504084218602;-9,077174161312968;-8,402725452274572;-7,397536914294093;-6,370632693783058;-5,477839652179364;-4,986100935694018;-4,373718591406346;-3,882238556878912;-3,845419374703137;-3,893237602194228;-4,201705649756467;-4,908386549395228;-5,367639373094444;-5,826444969163569;-6,309014816622579;-6,805013410206456;-7,755049176149179;-7,94798067564545;-8,963749916163904;-9,591240205291353;-10,15147532865232;-10,77156623213401;-11,25459931737017;-11,72576592737718;-11,92879362917306;-12,42409134436401;-12,43737193769796;-12,9593876456939;-13,24271569526187;-13,81559840947419;-14,35375516039675;-14,87805074262493;-3,845419374703137
142000000,0;-8,93564462568502;-9,962406487197132;-10,45467857778492;-10,69492473966433;-9,383251915923902;-8,76565658563829;-7,644690815150246;-6,651668940207731;-5,757349935819935;-5,288200706570531;-4,699128289836366;-4,403523687154605;-4,437949351972567;-4,629587048845425;-4,915951010702755;-5,603523040177663;-6,205854943936037;-6,612591185734424;-7,037145447669772;-7,519710954845904;-8,226648426505548;-8,476221583446108;-9,521486722193334;-10,37888019871539;-10,94871848534866;-11,70449464533372;-12,00314922748221;-12,56631089719526;-12,88061464239544;-13,14236642234972;-13,50817492409375;-13,94073953445126;-13,94995960504558;-15,00050850516183;-15,60387958095878;-15,96125297109022;-4,403523687154605
144000000,0;-9,769173629788945;-11,18119642740092;-11,09139291479981;-11,2090188747341;-9,67710816842489;-9,170112923968194;-8,052827510919483;-6,952060183678729;-6,103031793183421;-5,594161328276145;-5,08412900820634;-4,916584732835442;-5,134363947088124;-5,312099776910091;-5,634195375736503;-6,342395046388743;-6,869587639468228;-7,477526157111194;-7,873082202376795;-8,436917531499411;-8,745389356277776;-9,172425468843523;-10,2222072380705;-10,95914251427786;-11,41686585624545;-12,62529508671996;-12,93510159662174;-13,42656352481715;-13,41872871960284;-13,88914631017689;-14,01569244708156;-14,57915162224897;-15,14580839006322;-16,00464246731827;-16,39950847359971;-17,44769201619193;-4,916584732835442
146000000,0;-10,67207446708083;-11,85893857933205;-11,82319777836647;-11,53094223519667;-10,04441407814906;-9,34984389631525;-8,238843115971033;-7,273643510332416;-6,429431420839197;-5,969727440521716;-5,625747315086901;-5,53088558399042;-5,942284676706561;-6,088412908770607;-6,555010121861379;-7,191175954536646;-7,731805687791319;-8,321771083163101;-8,720861242455774;-9,24413845036936;-9,540464330884076;-9,87378533279199;-10,86307703222861;-11,79231292359929;-12,72991091431806;-13,34795031592899;-13,59618388710475;-13,99289078763029;-14,02913114671948;-14,71784717978365;-14,63947039516039;-15,24730688932614;-15,72420344769166;-16,55237689991372;-16,71068002728897;-17,38333991870982;-5,53088558399042
148000000,0;-11,67327685764315;-12,67973475070752;-12,32155791817547;-11,77783752816529;-10,39664688074433;-9,62920740200048;-8,494624221384731;-7,623506142934549;-6,836788750382522;-6,402601339753547;-6,213501937745302;-6,228882006341408;-6,624527979900864;-6,937400110737713;-7,356454365878649;-8,070861020000446;-8,414092580578185;-9,22214742827422;-9,441394758241605;-9,939215123967301;-10,20584165698826;-10,54180743823812;-11,85517422687436;-12,76282548545292;-13,47305238717441;-14,01585378261014;-14,5081678042435;-15,32992153298479;-15,0270986427394;-15,68706356435489;-15,74821322689374;-16,34002468412968;-16,77628453079461;-17,72233190241068;-18,24531181789441;-18,50209039686706;-6,213501937745302
150000000,0;-12,64629101163141;-13,42965765074771;-12,97031577355987;-12,11099388446411;-10,71403094198288;-9,826356085678349;-8,687112294139848;-7,842820951145715;-7,12732180489641;-6,805201421911763;-6,742912175260719;-6,900275580876583;-7,243754436820221;-7,703162784394579;-8,209214103564767;-8,829031716269123;-9,368613860735161;-9,990087494958475;-10,45667507589758;-10,91717239828933;-10,96129072235803;-11,43029483307707;-12,54303479618782;-13,39539391119094;-14,60065972292817;-15,21211351237116;-15,2868382792238;-15,89431509725515;-15,78552102529516;-16,14158839443049;-16,5921821939796;-17,62875590641461;-17,45893901363415;-18,39266292523259;-18,65864682176255;-19,10784571030989;-6,742912175260719
152000000,0;-13,40507906459606;-13,95364871220393;-13,47067888305369;-12,3920583403843;-11,10222472473608;-10,13052324219116;-9,07001102437358;-8,295912464443866;-7,668552369419656;-7,34720124790223;-7,468154300494008;-7,698137199304304;-8,064345629386787;-8,541258061147417;-9,265169657012837;-9,751147288755579;-10,25201113977568;-10,89971535402647;-11,27512871626425;-11,82896718984243;-11,77612456146558;-12,29757392311833;-13,42482401110763;-14,12136673051533;-15,51232780294564;-15,81176928265199;-15,90580281439325;-16,30348636551651;-16,56828635857991;-17,24294683341787;-17,42367794009653;-18,10001957655662;-18,35034347468354;-19,10980490625106;-19,30186489266551;-19,66574609770759;-7,34720124790223
154000000,0;-14,32873368009387;-14,55598504170333;-14,03721319575139;-12,76516537999758;-11,60367733074963;-10,51382438931283;-9,519051733857998;-8,759016506299202;-8,231910091027254;-8,008704538842204;-8,202095077543916;-8,441899469647616;-8,981158112810764;-9,509937143588397;-10,25500799225127;-10,74703131159122;-11,17326418809073;-11,85775216118648;-12,22025404610119;-12,64548950645393;-12,66934691188361;-13,1815322882873;-14,42105682409385;-14,93572481409262;-16,38424075374202;-16,79186261538163;-16,91696289498046;-17,20684263049822;-17,48309923030403;-18,05440170310763;-18,3221404842512;-18,84327151420776;-19,03522945492936;-19,80262848325943;-19,99511866288283;-20,29666579838795;-8,008704538842204
156000000,0;-14,86702538465585;-14,94075959929025;-14,40929724044058;-13,04071188152289;-11,92948070246035;-10,77980712237617;-9,815540593026931;-9,152698583661266;-8,73770586166822;-8,575394685606616;-8,823212778817526;-9,156289984075677;-9,672236075047769;-10,36273593366171;-11,1733435488044;-11,60710625230331;-12,12445863798688;-12,73635783895174;-13,11197760527066;-13,68976486438689;-13,46277755199363;-14,08199444177314;-15,14379270480457;-15,85713435764733;-17,05089386265147;-17,23812953870571;-17,2851603437671;-17,61053082952031;-18,07434244338098;-18,31745555592104;-18,64205753241076;-19,11025466348414;-19,4928661424645;-19,9098295845072;-20,20331104141405;-20,39532720486804;-8,575394685606616
158000000,0;-15,40921858194019;-15,27423809801066;-14,74182732423491;-13,3240380772989;-12,37935086910174;-11,04178876827921;-10,20084704179011;-9,569882255651883;-9,298126701492503;-9,194422409441897;-9,498630858257552;-9,926099900405175;-10,60035481784324;-11,30079818024766;-12,05263672642455;-12,47180821999839;-12,90934273532811;-13,57896177696052;-14,01503327314111;-14,65045571548098;-14,2205020712167;-14,93812563518901;-15,92212852636923;-16,46240883309552;-17,57572882027706;-17,93071226156122;-17,82208683624043;-18,32780125133434;-18,39107578426734;-18,94271998313945;-19,10482782229294;-19,67334293288674;-19,77510361820335;-20,2967422818076;-20,08801848896944;-20,47920996532358;-9,194422409441897
160000000,0;-15,98071018283363;-15,7334519567728;-15,3186828668575;-13,8589561410924;-12,96686913418876;-11,65212084961663;-10,8088357571947;-10,22236542597518;-10,06118942130602;-10,07072769398996;-10,36894971247144;-10,88542956403594;-11,70528620727656;-12,3893444179545;-13,19630969447695;-13,57970837403914;-13,99227295335762;-14,59543236506094;-14,99201913039561;-15,61585480213506;-15,18118537362802;-15,66197080143469;-16,56019547060809;-17,13699841917758;-18,08624147204019;-18,33312892404529;-18,16708818029806;-18,58563029268181;-18,86551391772466;-19,23151034136522;-19,5117929489831;-19,92747925152193;-20,35830352670309;-20,69604796846082;-20,90901315669079;-21,08597955973386;-10,06118942130602
162000000,0;-16,60229888857665;-16,32489082903876;-15,90109423574589;-14,45586581762375;-13,53061864597282;-12,19862610701143;-11,40776670908271;-10,94236899282341;-10,8158238366937;-10,88093135657047;-11,25352275585295;-11,84184878754282;-12,6699589761331;-13,46199249846851;-14,2558061276936;-14,60952816112935;-15,12645723466694;-15,65063397743775;-16,06593724563738;-16,55851210362706;-16,18913762631766;-16,79281840168336;-17,51937535688636;-17,97729403909446;-18,81891685134332;-18,90506838243149;-18,94655955498899;-19,18197973484351;-19,27198033098534;-19,61016846756423;-19,94996065460601;-20,13593246720931;-20,48017455731039;-20,79232760771285;-20,84659329385523;-20,8426222608788;-10,8158238366937
164000000,0;-16,74278191211946;-16,41162945882263;-16,13895621374031;-14,81136052411892;-13,91225762894492;-12,66150560830817;-11,89693852669913;-11,48197159660552;-11,50607380117759;-11,67857565937268;-11,95572533084852;-12,80899502483982;-13,63427057220804;-14,40080177408308;-15,07372314907771;-15,40233973182821;-15,8720475467571;-16,28852804208689;-16,54964470734997;-16,92637296576585;-16,7733702204702;-17,01829274965613;-17,79404716233355;-18,07856634138567;-18,86772585195786;-18,99514847879713;-19,0957434907392;-19,42052676531055;-19,63109464367644;-20,0706159610582;-20,43105537655219;-20,8998999623152;-20,94520962488586;-21,21708526242458;-21,54658307893728;-21,6168899278893;-11,48197159660552
166000000,0;-17,21139739773513;-17,04874537781441;-16,74734421214684;-15,43132485215795;-14,5786062251178;-13,276291205572;-12,56014610279903;-12,15201528149849;-12,32135796423042;-12,37381093860721;-12,8048028817943;-13,7083541858293;-14,65431261318458;-15,38133045580457;-15,98968944509105;-16,27899381389739;-16,80718664764371;-16,94691241888584;-17,37145156245774;-17,58300173784536;-17,19977297596232;-17,4790514530063;-18,15305361911953;-18,2994522113261;-18,92598927833948;-19,15764792008455;-19,13963243197458;-19,554962808999;-19,6772801066608;-19,8635490391358;-20,20635318407525;-20,63911443551107;-20,83229149075027;-21,06493991275278;-21,25399925574101;-21,32417924812223;-12,15201528149849
168000000,0;-17,82452486352795;-17,82508003941729;-17,29325720176614;-16,13178518510856;-15,19666324198026;-13,9469851659309;-13,2118226080093;-12,89842441570186;-13,08237102986105;-13,20443036161512;-13,7272401938734;-14,6686438157425;-15,46994358599235;-16,22030859756883;-16,7435817993958;-17,00479187725245;-17,34305552615592;-17,55664957776798;-17,65915530243371;-17,92749798739015;-17,7438759286861;-17,89556318646275;-18,56399031981231;-18,79461516420719;-19,32669365114666;-19,59117741712899;-19,79851899102486;-19,99192259609413;-20,17479084986917;-20,50549348156455;-20,77535503379392;-21,04330453801526;-21,10733335026491;-21,24761604479466;-21,33585367042358;-21,35089482708608;-12,89842441570186
170000000,0;-18,28766120701253;-18,41434209383293;-18,14880805650455;-16,86381075960089;-15,80999584610746;-14,63726138502464;-13,88771816394921;-13,69252974567577;-13,78248833801045;-13,96090926350766;-14,67059153434099;-15,62402642507929;-16,22588093098738;-17,14045834353418;-17,32146909584568;-17,62698691461398;-17,85200372778296;-17,60912441309305;-17,99250099816263;-18,20547743576822;-17,90861778069748;-18,13740031845531;-18,62809270041763;-18,84856217420832;-19,36320426154979;-19,58050364619775;-19,75711160324937;-20,18323079402087;-20,50447413539261;-20,84717168633478;-21,09569180523386;-21,04520196379933;-21,43450762551312;-21,70157127668027;-21,77379158073352;-21,37679456533932;-13,69252974567577
172000000,0;-19,0925185857503;-19,2087827786298;-18,80168393911849;-17,48159126813607;-16,22814341421001;-14,966838487059;-14,44795518958857;-14,14896938885867;-14,35400461710256;-14,61964586253423;-15,37453719180159;-16,34737203254964;-17,06718123594683;-17,52056325743714;-17,90160753447684;-18,18163370013036;-18,16756086504581;-18,08830030726425;-18,23623332564851;-18,41328864344723;-18,31007605838514;-18,49862543581046;-18,90302248224173;-19,04473607583184;-19,55764982761651;-19,63890199061156;-19,78230020905308;-20,17978300160512;-20,45029116500507;-20,74894744196607;-20,92555561481414;-21,03811189208395;-21,55059027182207;-21,65354346080191;-21,64156746080849;-21,70002967256902;-14,14896938885867
174000000,0;-20,07756642382987;-20,20649331298036;-19,25607490794706;-18,02171720787599;-16,80246446760505;-15,65161716497208;-15,0814991746021;-14,70935323896127;-14,97401691943923;-15,35442487018356;-16,07905198551603;-16,98242857394384;-17,56441463816496;-17,96933125674484;-18,3408889509255;-18,60451003252992;-18,35265925898908;-18,20828528468878;-18,53855050766127;-19,12150753034432;-18,83771044203099;-19,1370659157064;-19,35190051123114;-19,38626153226435;-20,06629965687512;-20,05510525616909;-20,10209655345843;-20,45597661650108;-20,5852678270685;-20,89995688065641;-21,13030016736777;-21,26942576881198;-21,59651584371083;-21,6125706727882;-21,61192225805167;-21,71751083157154;-14,70935323896127
176000000,0;-20,8049868092015;-20,95188254539222;-19,76867447653222;-18,61099404996573;-17,10234670434831;-15,97843268846088;-15,54192902962656;-15,33940536100572;-15,60550062591157;-16,20323534869201;-17,04906944817963;-17,71455018479465;-18,18496069286048;-18,71791168137399;-18,77349591054349;-18,73823920887268;-18,78660207364832;-18,5805472038208;-18,80285724378286;-19,08488895841396;-19,45734703947724;-19,35989917024013;-19,45161969963593;-19,56787445304239;-19,97290731553329;-19,96710884311752;-20,41275145880426;-20,4996127845889;-21,00159551304843;-21,11085588886746;-21,23319105973296;-21,66912425714926;-21,57308161791698;-21,76496198925635;-22,09879953762361;-22,40412789267758;-15,33940536100572
178000000,0;-21,61185622877368;-21,80706597231723;-20,41466588561706;-19,01364408960726;-17,47427878727357;-16,48820888909347;-16,04669571745669;-15,94875119616304;-16,18402087312657;-16,8961077143455;-17,66809334804036;-18,42027718566646;-18,70782914997584;-19,09192581373678;-18,99949200132053;-18,98998441314635;-18,83346413479567;-18,81445422986385;-18,97770152024492;-19,38195093408805;-19,50682771001715;-19,75960172151063;-19,99233066324645;-19,94879269868957;-20,40730039353512;-20,40874224694964;-20,57377177690715;-20,8007738946357;-21,11192110027376;-21,12492421806261;-21,37936545133734;-21,55794209461217;-21,71278047413701;-21,98451790842614;-22,08560785186451;-22,08088071291572;-15,94875119616304
180000000,0;-22,32193359048502;-22,54994244745086;-20,64083867430154;-19,41465395135034;-17,77765275625536;-16,88953902064518;-16,50784973133303;-16,44940001926543;-16,7845198937034;-17,52445176543762;-18,28667278768206;-18,88662443731769;-19,10961430399841;-19,30890283354372;-19,25382799862641;-19,04235687477114;-18,99485571918527;-18,94939083328763;-19,13578724889064;-19,60705830022944;-19,8125715188535;-20,26231853402197;-20,27235682915827;-20,4462081698042;-20,65746341979617;-20,54401447104281;-20,86996559337691;-21,17628393569322;-21,46571909881743;-21,75936501841243;-21,76769448732176;-21,92631958305656;-21,83805906940955;-22,3796825247607;-22,50566117925483;-22,31215977553748;-16,44940001926543
182000000,0;-23,28692558914589;-23,23031771522556;-21,06559387015615;-19,69120681769122;-18,06341165539625;-17,2288557556723;-16,90263180384369;-16,8441971885358;-17,54604150692166;-18,29819917440144;-18,9909945461984;-19,10895740112713;-19,66460587775654;-19,7354270181804;-19,43007367478791;-19,13122960594265;-19,19413396461334;-19,20257803918273;-19,3170667732307;-19,72533780733258;-20,16679626895293;-20,47729929214085;-20,64839132150319;-20,46356162977666;-20,22626797295193;-20,50936981845816;-20,57292957197312;-20,95698801285056;-21,42742913442329;-21,32119671242954;-21,97705924532843;-21,71223132354962;-22,08373139304253;-22,20795447896477;-22,43603766303119;-22,77314922644432;-16,8441971885358
184000000,0;-24,17673481229034;-23,73386695216977;-21,41273191831307;-19,81164248268443;-18,16128155365342;-17,47489061654535;-17,20767864130704;-17,41753812107119;-17,8251767848485;-18,66729147878517;-19,3830708161628;-19,76889063170901;-19,75702462501305;-19,7473243522276;-19,28333479254852;-19,20984205957227;-19,08422619047149;-19,1944748156717;-19,42430842109243;-19,71684585745644;-20,22562601267693;-20,58122462041294;-20,47839836305132;-20,72680602027659;-20,72764728189955;-20,68480677681407;-20,87204714376129;-21,11574471709236;-21,82797166517957;-21,61689133981497;-21,79863594130478;-22,24847225306195;-22,25276507064977;-22,57893495506707;-22,54082816820364;-22,96777071053717;-17,20767864130704
186000000,0;-24,70100928122393;-23,95722052259512;-21,62187661763316;-19,91377594443428;-18,27562381527814;-17,70624615518638;-17,55901188004263;-17,73585593106477;-18,25500471567704;-19,15898051062685;-19,68162065478161;-19,86630515112476;-19,86362341715935;-19,49288275497232;-19,08644082930745;-19,03729268229373;-18,91562110036775;-19,31178826132082;-19,28946872350092;-19,80037978916236;-20,30232272365943;-20,40627551046879;-20,76245577817389;-20,79102613578539;-21,05835352033206;-20,83383617401565;-21,04700314764742;-21,19910103904548;-21,68422450837157;-21,95162068081758;-22,2184510664425;-22,36816019856315;-22,43219907889248;-22,64818628257323;-22,77183423246907;-22,96348347126823;-17,55901188004263
188000000,0;-25,4128446118738;-24,18560493403846;-21,5305586507681;-19,92236775677408;-18,48504444592101;-18,01953458593669;-17,9287699107276;-18,23404983355557;-18,7911873700022;-19,58635339795195;-20,05688532087439;-20,11823496329121;-20,08652946239532;-19,73334600233963;-19,34322280555722;-19,20606368841818;-19,17929407220768;-19,24494238049543;-19,49873837292943;-19,8809939892546;-19,9300519771069;-20,52329895166786;-20,50641100435671;-20,66220195769045;-20,53702898321965;-20,82440777104025;-20,97615656065628;-21,33446641037547;-22,27971921715628;-21,60049059907585;-22,49781510978683;-22,44857944988164;-22,78664468012674;-22,84971090315442;-23,56219757592124;-22,82538161544213;-17,9287699107276
190000000,0;-26,00402567299769;-24,25595883073582;-21,64511479324912;-19,93188035218343;-18,56041093684052;-18,17541239366807;-18,20576569346074;-18,37359250053757;-19,05756595925298;-19,91274277366385;-20,62749148523447;-20,06955028931001;-20,07366972526296;-19,86800423287954;-19,35596860623529;-18,96739981729169;-19,32968193881048;-18,7103017706101;-19,4301399224507;-19,75779778288802;-20,06263150902342;-21,03630804277866;-20,84925840753595;-20,74288295659414;-20,63466734437579;-21,53524883307808;-20,95973822344651;-21,4985298482952;-21,81938620971205;-21,92072218083;-22,99531493344399;-23,07530872968703;-22,02049215027127;-22,83211462676813;-23,57210298044073;-24,13013836230466;-18,17541239366807
192000000,0;-26,40846262601188;-24,00585378013115;-21,53681763049716;-19,54560779415235;-18,44102570065293;-18,0203423949393;-18,0571716343048;-18,56509079074346;-19,19722110951518;-20,02300770422384;-20,28389169575003;-20,24165013100732;-19,89537807388657;-19,43733872519842;-18,93725539449451;-18,83381099635067;-18,95619917205173;-19,29040450880316;-19,35246155424433;-19,60059255119877;-20,26331528993793;-20,2192142707414;-20,64253789445832;-20,84045624027268;-20,50246967774921;-21,24446721959076;-20,74125645549366;-21,11139226208406;-21,66888274887842;-22,04432625053533;-22,2587520031026;-22,699521215239;-23,14231308395824;-22,9555391092234;-23,07726176273412;-23,10737542292631;-18,0203423949393
194000000,0;-26,4623933440563;-23,53398537725995;-21,30992930584428;-19,10996809885841;-18,35982007689065;-18,07247422362193;-18,15474246520126;-18,75095527285102;-19,32869063207466;-20,17487746572437;-20,25413260110675;-20,09072782854104;-19,68450145108373;-19,11661050422183;-18,65875425905035;-18,64852946671911;-18,82903911212309;-19,2061469553552;-19,11345024313719;-19,4372536161942;-19,93379241686038;-20,16814979013979;-20,48139721645299;-20,62397908539481;-20,48471626251762;-20,6949046373105;-20,93453012923769;-21,18284786187558;-21,58488838461151;-21,75389698252603;-22,26800737738242;-22,50818698884336;-22,81293816301787;-23,13056042513887;-23,26912072167089;-23,4904835432681;-18,07247422362193
196000000,0;-25,93052849418473;-23,1351885483694;-20,86086122258754;-19,03368358437105;-18,32278609176881;-18,15080875223781;-18,29401299804616;-18,76876274613565;-19,72389599290287;-20,21248842202699;-20,44205204756785;-20,07188060626751;-19,54245535663226;-19,01063958301295;-18,58839109732371;-18,65701696143102;-18,77462320953935;-18,96225328306184;-19,14219972028687;-19,31288384306613;-19,92464372799909;-19,91967615927926;-20,48835688018476;-20,65483303283102;-20,52331796086349;-20,78510790141234;-20,91230867131848;-21,18542269720431;-21,74956116586591;-21,74301847629178;-22,20066929657152;-22,76378700703643;-22,98705698578284;-23,19461042117987;-23,40965214078548;-23,52899837419227;-18,15080875223781
198000000,0;-25,96640524935297;-22,79213304721535;-20,60535597387334;-18,70166107120552;-18,28062200214874;-18,20906739722088;-18,4737255082303;-19,15042333299612;-19,86422704030842;-20,45093106243754;-20,44714452290567;-20,24446972241586;-19,52277523359685;-18,87082932902032;-18,6590713548468;-18,59585849455971;-18,81651384852912;-18,9026360363398;-19,13184157908464;-19,19890923414174;-19,90277885013479;-20,03174185966751;-20,59022434064056;-20,80506882589813;-20,7201283947635;-20,92749608796099;-21,3372802621464;-21,43408363289085;-21,88618532000418;-22,28397442807027;-22,4603533608855;-23,03588875508225;-23,14515349519837;-23,28479847943154;-23,47312731309257;-23,63293519974201;-18,20906739722088
200000000,0;-25,27743629359303;-22,39421442258017;-20,38341890809816;-18,80488301867538;-18,52382649368941;-18,52993590157731;-18,77178810822502;-19,4181914323957;-20,33060193684654;-20,86756417495057;-20,77742950946332;-20,24124691952951;-19,63355325339615;-19,02311576344338;-18,7803382337761;-18,85595724554278;-18,92468536817526;-19,17310140554851;-19,34806115644088;-19,3698041120375;-19,99401978805695;-20,18633302787148;-20,86525659957961;-20,91568581373971;-20,83124386570363;-21,09949888672645;-21,34155077809084;-21,58285820294538;-22,19671736023355;-22,34206655914831;-22,91710989828684;-23,35558943351647;-23,69875445773455;-23,78405616411212;-23,98113551495818;-24,3369913701716;-18,52382649368941
0,0;0,77;0,86;0,95;1,04;1,13;1,22;1,31;1,4;1,49;1,58;1,67;1,76;1,85;1,94;2,03;2,12;2,21;2,3;2,39;2,48;2,57;2,66;2,75;2,84;2,93;3,02;3,11;3,2;3,29;3,38;3,47;3,56;3,65;3,74;3,83;3,92;3,92
